-- MySQL dump 10.13  Distrib 5.7.29, for macos10.14 (x86_64)
--
-- Host: localhost    Database: blue_chart
-- ------------------------------------------------------
-- Server version	5.7.29

/*!40101 SET @OLD_CHARACTER_SET_CLIENT=@@CHARACTER_SET_CLIENT */;
/*!40101 SET @OLD_CHARACTER_SET_RESULTS=@@CHARACTER_SET_RESULTS */;
/*!40101 SET @OLD_COLLATION_CONNECTION=@@COLLATION_CONNECTION */;
/*!40101 SET NAMES utf8 */;
/*!40103 SET @OLD_TIME_ZONE=@@TIME_ZONE */;
/*!40103 SET TIME_ZONE='+00:00' */;
/*!40014 SET @OLD_UNIQUE_CHECKS=@@UNIQUE_CHECKS, UNIQUE_CHECKS=0 */;
/*!40014 SET @OLD_FOREIGN_KEY_CHECKS=@@FOREIGN_KEY_CHECKS, FOREIGN_KEY_CHECKS=0 */;
/*!40101 SET @OLD_SQL_MODE=@@SQL_MODE, SQL_MODE='NO_AUTO_VALUE_ON_ZERO' */;
/*!40111 SET @OLD_SQL_NOTES=@@SQL_NOTES, SQL_NOTES=0 */;

--
-- Table structure for table `Persons`
--

DROP TABLE IF EXISTS `Persons`;
/*!40101 SET @saved_cs_client     = @@character_set_client */;
/*!40101 SET character_set_client = utf8 */;
CREATE TABLE `Persons` (
  `id` int(11) NOT NULL AUTO_INCREMENT,
  `code` varchar(255) NOT NULL,
  `created_at` datetime NOT NULL,
  `name` varchar(255) NOT NULL,
  `password` varchar(64) NOT NULL,
  `updated_at` datetime NOT NULL,
  PRIMARY KEY (`id`),
  UNIQUE KEY `UK_ck46rv5wud4h2c4uwkdgf1a90` (`code`)
) ENGINE=MyISAM AUTO_INCREMENT=4 DEFAULT CHARSET=utf8;
/*!40101 SET character_set_client = @saved_cs_client */;

--
-- Dumping data for table `Persons`
--

LOCK TABLES `Persons` WRITE;
/*!40000 ALTER TABLE `Persons` DISABLE KEYS */;
INSERT INTO `Persons` VALUES (1,'100','2020-08-13 18:10:59','かきくけこ','C7A6348C2A1DE75C3E040E34B67DD80EB92612DF2CA7BBCA934D317F7D73EE90','2020-08-13 18:35:26'),(2,'1','2020-08-13 18:36:46','あいう','84B6A35E934ECC0F0F84D0C42EA368E40E735A92D7644BB70D1CA92ED0D0C5AB','2020-08-13 18:37:34'),(3,'a1','2020-08-24 11:12:38','花子','84B6A35E934ECC0F0F84D0C42EA368E40E735A92D7644BB70D1CA92ED0D0C5AB','2020-08-24 11:32:05');
/*!40000 ALTER TABLE `Persons` ENABLE KEYS */;
UNLOCK TABLES;

--
-- Table structure for table `Problems`
--

DROP TABLE IF EXISTS `Problems`;
/*!40101 SET @saved_cs_client     = @@character_set_client */;
/*!40101 SET character_set_client = utf8 */;
CREATE TABLE `Problems` (
  `id` int(11) NOT NULL,
  `name` varchar(255) DEFAULT NULL,
  `page` int(11) DEFAULT NULL,
  `star` int(11) DEFAULT NULL,
  `title` varchar(255) DEFAULT NULL,
  `area_id` int(11) DEFAULT NULL,
  PRIMARY KEY (`id`),
  KEY `FKbiudcfo17xchgo58ats6e80c4` (`area_id`)
) ENGINE=MyISAM DEFAULT CHARSET=utf8;
/*!40101 SET character_set_client = @saved_cs_client */;

--
-- Dumping data for table `Problems`
--

LOCK TABLES `Problems` WRITE;
/*!40000 ALTER TABLE `Problems` DISABLE KEYS */;
INSERT INTO `Problems` VALUES (1,'基本33',59,1,'複素数の四則計算、負の数の平方根',7),(2,'練習33',59,1,'複素数の四則計算、負の数の平方根',7),(3,'基本34',60,2,'複素数の相当条件',7),(4,'練習34',60,2,'複素数の相当条件',7),(5,'基本35',61,3,'2乗して6iになる複素数',7),(6,'練習35',61,3,'2乗して6iになる複素数',7),(7,'基本36',63,1,'2次方程式の解',8),(8,'練習36',63,1,'2次方程式の解',8),(9,'基本37',64,2,'2次方程式の解の判別',8),(10,'練習37',64,2,'2次方程式の解の判別',8),(11,'基本38',65,3,'2つの2次方程式の解の判別',8),(12,'練習38',65,3,'2つの2次方程式の解の判別',8),(13,'重要39',66,4,'係数に虚数を含む2次方程式の解',8),(14,'練習39',66,4,'係数に虚数を含む2次方程式の解',8),(15,'基本40',69,2,'2次方程式の2解の対称式の値',9),(16,'練習40',69,2,'2次方程式の2解の対称式の値',9),(17,'重要41',70,3,'解と係数の関係と式の値',9),(18,'練習41',70,3,'解と係数の関係と式の値',9),(19,'基本42',71,2,'2解の関係と係数の決定',9),(20,'練習42',71,2,'2解の関係と係数の決定',9),(21,'基本43',72,2,'2次・複2次式の因数分解',9),(22,'練習43',72,2,'2次・複2次式の因数分解',9),(23,'重要44',73,4,'因数分解ができるための条件',9),(24,'練習44',73,4,'因数分解ができるための条件',9),(25,'重要45',74,3,'2次方程式の解と係数',9),(26,'練習45',74,3,'2次方程式の解と係数',9),(27,'基本46',75,1,'2次方程式の作成(1)',9),(28,'練習46',75,1,'2次方程式の作成(1)',9),(29,'基本47',76,2,'2次方程式の作成(2)',9),(30,'練習47',76,2,'2次方程式の作成(2)',9),(31,'基本48',78,2,'2次方程式の実数解の符号',9),(32,'練習48',78,2,'2次方程式の実数解の符号',9),(33,'基本49',79,3,'2次方程式の解の存在範囲',9),(34,'練習49',79,3,'2次方程式の解の存在範囲',9),(35,'重要50',80,4,'2次方程式の整数解',9),(36,'練習50',80,4,'2次方程式の整数解',9),(37,'基本51',83,2,'割り算と係数の決定',10),(38,'練習51',83,2,'割り算と係数の決定',10),(39,'基本52',84,2,'剰余の定理利用による余りの問題(1)',10),(40,'練習52',84,2,'剰余の定理利用による余りの問題(1)',10),(41,'基本53',85,3,'剰余の定理利用による余りの問題(2)',10),(42,'練習53',85,3,'剰余の定理利用による余りの問題(2)',10),(43,'重要54',86,5,'剰余の定理利用による余りの問題(3)',10),(44,'練習54',86,5,'剰余の定理利用による余りの問題(3)',10),(45,'基本55',87,2,'高次式の因数分解',10),(46,'練習55',87,2,'高次式の因数分解',10),(47,'基本56',88,2,'高次式の値',10),(48,'練習56',88,2,'高次式の値',10),(49,'基本57',91,2,'高次方程式の解法(1)',11),(50,'練習57',91,2,'高次方程式の解法(1)',11),(51,'基本58',92,2,'高次方程式の解法(2)',11),(52,'練習58',92,2,'高次方程式の解法(2)',11),(53,'重要59',93,3,'4次の相反方程式',11),(54,'練習59',93,3,'4次の相反方程式',11),(55,'基本60',94,2,'1の3乗根とその性質',11),(56,'練習60',94,2,'1の3乗根とその性質',11),(57,'基本61',95,2,'方程式の解から係数決定(1)[実数解]',11),(58,'練習61',95,2,'方程式の解から係数決定(1)[実数解]',11),(59,'基本62',96,2,'方程式の解から係数決定(2)[虚数解]',11),(60,'練習62',96,2,'方程式の解から係数決定(2)[虚数解]',11),(61,'基本63',98,3,'2次方程式が2重解を持つ条件',11),(62,'練習63',98,3,'2次方程式が2重解を持つ条件',11),(63,'重要64',99,3,'3次の対称式の値',11),(64,'練習64',99,3,'3次の対称式の値',11),(65,'重要65',100,3,'3次方程式の作成',11),(66,'練習65',100,3,'3次方程式の作成',11),(67,'重要66',101,4,'高次不等式の解法',11),(68,'練習66',101,4,'高次不等式の解法',11),(69,'基本89',135,4,'基本形から求める',15),(70,'練習89',135,4,'基本形から求める',15),(71,'基本90',136,2,'一般形から求める',15),(72,'練習90',136,2,'一般形から求める',15),(73,'基本91',137,2,'方程式の表す図形',15),(74,'練習91',137,2,'方程式の表す図形',15),(75,'基本92',138,2,'座標軸に関する、直線上に中心を持つ円',15),(76,'練習92',141,2,'円と直線の共有点の座標',16),(77,'基本93',141,2,'円と直線の共有点の座標',16),(78,'練習93',141,2,'円と直線の共有点の座標',16),(79,'基本94',142,2,'円と直線の位置関係',16),(80,'練習94',142,2,'円と直線の位置関係',16),(81,'基本95',143,3,'円の弧の長さ',16),(82,'練習95',143,3,'円の弧の長さ',16),(83,'基本96',144,2,'円周上の点における接線',16),(84,'練習96',144,2,'円周上の点における接線',16),(85,'基本97',145,2,'接線から円の方程式を求める',16),(86,'練習97',145,2,'接線から円の方程式を求める',16),(87,'基本98',146,2,'円外の点から円に引いた接線',16),(88,'練習98',146,2,'円外の点から円に引いた接線',16),(89,'重要99',147,3,'円の2接点を通る接線',16),(90,'練習99',147,3,'円の2接点を通る接線',16),(91,'重要100',148,4,'放物線と円の方程式・接点',16),(92,'練習100',148,4,'放物線と円の方程式・接点',16),(93,'基本101',150,2,'2つの円の位置関係',17),(94,'練習101',150,2,'2つの円の位置関係',17),(95,'基本102',151,2,'2円の交点を通る円',17),(96,'練習102',151,2,'2円の交点を通る円',17),(97,'基本103',153,2,'円と直線の交点を通る円',17),(98,'練習103',153,2,'円と直線の交点を通る円',17),(99,'重要104',154,3,'2円の共通接線',17),(100,'練習104',154,3,'2円の共通接線',17),(101,'練習105',157,2,'アポロニウスの円',18),(102,'基本105',157,2,'アポロニウスの円',18),(103,'基本106',158,2,'条件を満たす図形',18),(104,'練習106',158,2,'条件を満たす図形',18),(105,'基本107',159,2,'三角形の重心の軌跡',18),(106,'練習107',159,2,'三角形の重心の軌跡',18),(107,'基本108',160,3,'角の二等分線・線対称な直線の方程式',18),(108,'練習108',160,3,'角の二等分線・線対称な直線の方程式',18),(109,'基本109',161,3,'媒介変数と軌跡',18),(110,'練習109',161,3,'媒介変数と軌跡',18),(111,'基本1',12,1,'二項展開式',1),(112,'練習1',12,1,'二項展開式',1),(113,'基本2',13,1,'二項展開式とその係数',1),(114,'練習2',13,1,'二項展開式とその係数',1),(115,'基本3',15,2,'多項式展開とその係数(1)',1),(116,'練習3',15,2,'多項式展開とその係数(1)',1),(117,'基本4',16,2,'多項式展開とその係数(2)',1),(118,'練習4',16,2,'多項式展開とその係数(2)',1),(119,'基本5',17,2,'二項係数と等式の証明',1),(120,'練習5',17,2,'二項係数と等式の証明',1),(121,'重要6',18,4,'n桁の数の決定と二項定理',1),(122,'練習6',18,4,'n桁の数の決定と二項定理',1),(123,'基本7',21,2,'整式の割り算',2),(124,'練習7',21,2,'整式の割り算',2),(125,'基本8',22,2,'整式の割り算と整式の決定',2),(126,'練習8',22,2,'整式の割り算と整式の決定',2),(127,'基本9',24,1,'分数式の乗法、除法',3),(128,'練習9',24,1,'分数式の乗法、除法',3),(129,'基本10',25,2,'分数式の加法、減法',3),(130,'練習10',25,2,'分数式の加法、減法',3),(131,'基本11',26,3,'分数式の加法、減法(部分分数分解)',3),(132,'練習11',26,3,'分数式の加法、減法(部分分数分解)',3),(133,'基本12',27,3,'分数式の加法、減法[(分子の次数）>(分母の次数)]',3),(134,'練習12',27,3,'分数式の加法、減法[(分子の次数）>(分母の次数)]',3),(135,'基本13',28,3,'繁分数式の計算',3),(136,'練習13',28,3,'繁分数式の計算',3),(137,'基本14',32,2,'未定係数の決定(1)[係数比較法]',4),(138,'練習14',32,2,'未定係数の決定(1)[係数比較法]',4),(139,'基本15',33,2,'未定係数の決定(2)[数値代入法]',4),(140,'練習15',33,2,'未定係数の決定(2)[数値代入法]',4),(141,'基本16',34,2,'分数式の恒等式',4),(142,'練習16',34,2,'分数式の恒等式',4),(143,'基本17',35,3,'割り算と恒等式',4),(144,'練習17',35,3,'割り算と恒等式',4),(145,'基本18',36,3,'2つの文字に関する恒等式',4),(146,'練習18',36,3,'2つの文字に関する恒等式',4),(147,'基本19',37,3,'条件式がある恒等式',4),(148,'練習19',37,3,'条件式がある恒等式',4),(149,'基本20',39,2,'等式の証明',5),(150,'練習20',39,2,'等式の証明',5),(151,'基本21',40,2,'条件つきの等式の証明',5),(152,'練習21',40,2,'条件つきの等式の証明',5),(153,'基本22',41,2,'比例式と等式の証明',5),(154,'練習22',41,2,'比例式と等式の証明',5),(155,'基本23',42,3,'比例式と式の値',5),(156,'練習23',42,3,'比例式と式の値',5),(157,'基本24',43,4,'重要24',5),(158,'練習24',43,4,'少なくとも〜、全ての〜の証明',5),(159,'基本25',47,1,'大小関係の基本、不等式の証明[A-B>0の利用]',6),(160,'練習25',47,1,'大小関係の基本、不等式の証明[A-B>0の利用]',6),(161,'基本26',48,2,'不等式の証明[(実数)^2>0の利用]',6),(162,'練習26',48,2,'不等式の証明[(実数)^2>0の利用]',6),(163,'基本27',49,2,'不等式の証明[A^2-B^2>0の利用]',6),(164,'練習27',49,2,'不等式の証明[A^2-B^2>0の利用]',6),(165,'基本28',50,3,'絶対値と不等式',6),(166,'練習28',50,3,'絶対値と不等式',6),(167,'重要29',51,3,'不等式の照明の拡張',6),(168,'練習29',51,3,'不等式の照明の拡張',6),(169,'基本30',52,2,'不等式の証明[相加相乗平均]',6),(170,'練習30',52,2,'不等式の証明[相加相乗平均]',6),(171,'重要31',54,3,'相加相乗平均を利用した最大・最小',6),(172,'練習31',54,3,'相加相乗平均を利用した最大・最小',6),(173,'基本32',55,3,'多くの数の大小比較',6),(174,'練習32',55,3,'多くの数の大小比較',6),(175,'重要110',162,3,'放物線の弦の中点の軌跡',18),(176,'練習110',162,3,'放物線の弦の中点の軌跡',18),(177,'重要111',163,3,'2直線の交点の軌跡',18),(178,'練習111',163,3,'2直線の交点の軌跡',18),(179,'重要112',164,4,'半直線OP上のOP・OP=(一定)である点Qの軌跡(反転)',18),(180,'練習112',164,4,'半直線OP上のOP・OP=(一定)である点Qの軌跡(反転)',18),(181,'基本113',168,1,'不等式の表す領域',19),(182,'練習113',168,1,'不等式の表す領域',19),(183,'基本114',169,2,'連立不等式の表す領域',19),(184,'練習114',169,2,'連立不等式の表す領域',19),(185,'基本115',170,3,'絶対値を含む不等式の表す領域',19),(186,'練習115',170,3,'絶対値を含む不等式の表す領域',19),(187,'基本116',171,2,'不等式AB>0、AB<0の表す領域',19),(188,'練習116',171,2,'不等式AB>0、AB<0の表す領域',19),(189,'重要117',173,3,'正領域・負領域の考え',19),(190,'練習117',173,3,'正領域・負領域の考え',19),(191,'基本118',175,2,'領域と1次式の最大・最小',19),(192,'練習118',175,2,'領域と1次式の最大・最小',19),(193,'基本119',176,3,'線型計画法の文章題',19),(194,'練習119',176,3,'線型計画法の文章題',19),(195,'基本120',177,3,'領域と1次式の最大・最小(2)',19),(196,'練習120',177,3,'領域と1次式の最大・最小(2)',19),(197,'重要121',178,4,'領域と2次式の最大・最小',19),(198,'練習121',178,4,'領域と2次式の最大・最小',19),(199,'重要122',179,4,'図形の通過領域',19),(200,'練習122',179,4,'図形の通過領域',19),(201,'重要123',180,4,'点(x+y,xy)の動く領域',19),(202,'練習123',180,4,'点(x+y,xy)の動く領域',19),(203,'基本124',181,2,'領域を利用した証明法',19),(204,'練習124',181,2,'領域を利用した証明法',19),(205,'基本125',186,1,'動径の表す角',20),(206,'練習125',186,1,'動径の表す角',20),(207,'基本126',187,1,'弧度法',20),(208,'練習126',187,1,'弧度法',20),(209,'基本127',190,1,'三角関数の値(1)[定義から求める]',21),(210,'練習127',190,1,'三角関数の値(1)[定義から求める]',21),(211,'基本128',191,2,'三角関数の値(2)[定義から求める]',21),(212,'練習128',191,2,'三角関数の値(2)[定義から求める]',21),(213,'基本129',192,2,'三角関数の等式の証明、式の値[相互関係利用]',21),(214,'練習129',192,2,'三角関数の等式の証明、式の値[相互関係利用]',21),(215,'基本130',193,2,'三角関数の隠れた条件',21),(216,'練習130',193,2,'三角関数の隠れた条件',21),(217,'重要131',194,3,'解が三角関数で表される2次方程式',21),(218,'練習131',194,3,'解が三角関数で表される2次方程式',21),(219,'基本132',197,1,'三角関数の値(2)',22),(220,'練習132',197,1,'三角関数の値(2)',22),(221,'基本133',200,1,'三角関数のグラフ(1)',22),(222,'練習133',200,1,'三角関数のグラフ(1)',22),(223,'基本134',201,2,'三角関数のグラフ(2)',22),(224,'練習134',201,2,'三角関数のグラフ(2)',22),(225,'基本135',203,2,'三角方程式の解法',23),(226,'練習135',203,2,'三角方程式の解法',23),(227,'基本136',204,2,'三角不等式の解法',23),(228,'練習136',204,2,'三角不等式の解法',23),(229,'基本137',205,2,'三角不等式の解法(2)',23),(230,'練習137',205,2,'三角不等式の解法(2)',23),(231,'基本138',206,3,'三角方程式・不等式の解法(2)',23),(232,'練習138',206,3,'三角方程式・不等式の解法(2)',23),(233,'基本139',207,2,'三角方程式の最大・最小(1)',23),(234,'練習139',207,2,'三角方程式の最大・最小(1)',23),(235,'基本140',208,3,'三角方程式の最大・最小(2)',23),(236,'練習140',208,3,'三角方程式の最大・最小(2)',23),(237,'基本141',209,4,'三角方程式の解の存在範囲',23),(238,'練習141',209,4,'三角方程式の解の存在範囲',23),(239,'重要142',210,4,'三角方程式の解の個数',23),(240,'練習142',210,4,'三角方程式の解の個数',23),(241,'基本143',213,1,'三角方程式の加法定理',24),(242,'練習143',213,1,'三角方程式の加法定理',24),(243,'基本144',214,2,'α+βの三角関数の値[加法定理の利用]',24),(244,'練習144',214,2,'α+βの三角関数の値[加法定理の利用]',24),(245,'基本145',215,2,'2直線のなす角',24),(246,'練習145',215,2,'2直線のなす角',24),(247,'基本146',216,3,'点の回転',24),(248,'練習146',216,3,'点の回転',24),(249,'基本147',218,3,'θ/2の三角関数の値と等式の証明[2倍角、半角の公式利用]',25),(250,'練習147',218,3,'θ/2の三角関数の値と等式の証明[2倍角、半角の公式利用]',25),(251,'基本148',219,2,'三角方程式・不等式の解法(2)',25),(252,'練習148',219,2,'三角方程式・不等式の解法(2)',25),(253,'基本149',220,3,'3倍角の公式の利用',25),(254,'練習149',220,3,'3倍角の公式の利用',25),(255,'基本150',224,3,'和と積の公式',26),(256,'練習150',224,3,'和と積の公式',26),(257,'基本151',225,3,'三角方程式の解法(3)',26),(258,'練習151',225,3,'三角方程式の解法(3)',26),(259,'基本152',227,1,'三角関数の合成',27),(260,'練習152',227,1,'三角関数の合成',27),(261,'基本153',228,2,'三角方程式・不等式の解法(4)[三角関数の合成の利用]',27),(262,'練習153',228,2,'三角方程式・不等式の解法(4)[三角関数の合成の利用]',27),(263,'基本154',229,2,'三角関数の最大・最小(3)',27),(264,'練習154',229,2,'三角関数の最大・最小(3)',27),(265,'基本155',230,3,'三角関数の最大・最小(4)[t=sinθ+cosθの置き換え]',27),(266,'練習155',230,3,'三角関数の最大・最小(4)[t=sinθ+cosθの置き換え]',27),(267,'基本156',231,3,'三角関数の最大・最小(5)',27),(268,'練習156',231,3,'三角関数の最大・最小(5)',27),(269,'重要157',232,4,'3次方程式の最大・最小',27),(270,'練習157',232,4,'3次方程式の最大・最小',27),(271,'重要158',234,4,'図形への応用',27),(272,'練習158',234,4,'図形への応用',27),(273,'重要159',235,4,'図形への応用(2)',27),(274,'練習159',235,4,'図形への応用(2)',27),(275,'基本160',240,2,'指数法則と累乗根の計算',28),(276,'練習160',240,2,'指数法則と累乗根の計算',28),(277,'基本161',241,3,'展開の公式利用',28),(278,'練習161',241,3,'展開の公式利用',28),(279,'基本162',243,2,'累乗・累乗根の大小',29),(280,'練習162',243,2,'累乗・累乗根の大小',29),(281,'基本163',244,2,'指数方程式の解法',29),(282,'練習163',244,2,'指数方程式の解法',29),(283,'基本164',245,2,'指数不等式の解法',29),(284,'練習164',245,2,'指数不等式の解法',29),(285,'基本165',246,3,'指数関数の最大・最小',29),(286,'練習165',246,3,'指数関数の最大・最小',29),(287,'基本166',248,1,'対数の値と計算',30),(288,'練習166',248,1,'対数の値と計算',30),(289,'基本167',249,2,'底の変換公式',30),(290,'練習167',249,2,'底の変換公式',30),(291,'基本168',250,3,'対数の表現',30),(292,'練習168',250,3,'対数の表現',30),(293,'基本169',251,3,'指数と対数',30),(294,'練習169',251,3,'指数と対数',30),(295,'基本170',254,2,'対数関数のグラフ',31),(296,'練習170',254,2,'対数関数のグラフ',31),(297,'基本171',255,2,'対数の大小比較',31),(298,'練習171',255,2,'対数の大小比較',31),(299,'基本172',256,2,'対数方程式の解法(1)',31),(300,'練習172',256,2,'対数方程式の解法(1)',31),(301,'基本173',257,2,'対数方程式の解法(2)',31),(302,'練習173',257,2,'対数方程式の解法(2)',31),(303,'基本174',258,2,'対数不等式の解法',31),(304,'練習174',258,2,'対数不等式の解法',31),(305,'重要175',259,4,'対数不等式と領域',31),(306,'練習175',259,4,'対数不等式と領域',31),(307,'基本176',260,2,'対数関数の最大・最小(1)',31),(308,'練習176',260,2,'対数関数の最大・最小(1)',31),(309,'基本177',261,3,'対数関数の最大・最小(2)',31),(310,'練習177',261,3,'対数関数の最大・最小(2)',31),(311,'基本178',263,2,'常用対数を利用',32),(312,'練習178',263,2,'常用対数を利用',32),(313,'基本179',264,2,'常用対数と不等式',32),(314,'練習179',264,2,'常用対数と不等式',32),(315,'基本180',265,2,'指数の文章問題',32),(316,'練習180',265,2,'指数の文章問題',32),(317,'基本181',266,3,'最高位の数と一の位の数',32),(318,'練習181',266,3,'最高位の数と一の位の数',32),(319,'演習182',267,4,'指数方程式の有理数解',33),(320,'練習182',267,4,'指数方程式の有理数解',33),(321,'演習183',268,4,'指数方程式・対数方程式の解の理論',33),(322,'練習183',268,4,'指数方程式・対数方程式の解の理論',33),(323,'基本220',321,2,'不定積分の計算',39),(324,'練習220',321,2,'不定積分の計算',39),(325,'基本221',322,2,'導関数、接線の傾きから関数決定',39),(326,'練習221',322,2,'導関数、接線の傾きから関数決定',39),(327,'基本222',324,1,'定積分の計算(1)',40),(328,'練習222',324,1,'定積分の計算(1)',40),(329,'基本223',325,1,'定積分の計算(2)',40),(330,'練習223',325,1,'定積分の計算(2)',40),(331,'基本224',326,2,'定積分の計算(3)',40),(332,'練習224',326,2,'定積分の計算(3)',40),(333,'基本225',326,2,'定積分と恒等式',40),(334,'練習225',326,2,'定積分と恒等式',40),(335,'基本226',328,2,'定積分で表された関数',40),(336,'練習226',328,2,'定積分で表された関数',40),(337,'基本227',329,2,'定積分と積分法',40),(338,'練習227',329,2,'定積分と積分法',40),(339,'基本228',330,2,'定積分で表された関数の極値',40),(340,'練習228',330,2,'定積分で表された関数の極値',40),(341,'基本229',334,2,'放物線とx軸の間の面積',41),(342,'練習229',334,2,'放物線とx軸の間の面積',41),(343,'基本230',335,2,'2曲線間の面積',41),(344,'練習230',335,2,'2曲線間の面積',41),(345,'基本231',336,2,'不等式の表す領域の面積',41),(346,'練習231',336,2,'不等式の表す領域の面積',41),(347,'基本232',337,3,'放物線と2接線間の面積',41),(348,'練習232',337,3,'放物線と2接線間の面積',41),(349,'重要233',338,4,'2つの放物線とその共通接線の間の面積',41),(350,'練習233',338,4,'2つの放物線とその共通接線の間の面積',41),(351,'練習234',339,3,'基本234',41),(352,'練習234',339,3,'3次曲線の面積',41),(353,'基本235',341,3,'面積の等分',41),(354,'練習235',341,3,'面積の等分',41),(355,'基本236',342,3,'面積の最大・最小(1)[2次関数の最大・最小問題に帰着]',41),(356,'練習236',342,3,'面積の最大・最小(1)[2次関数の最大・最小問題に帰着]',41),(357,'重要237',343,3,'面積の最大・最小(2)',41),(358,'練習237',343,3,'面積の最大・最小(2)',41),(359,'重要238',344,4,'面積の相等',41),(360,'練習238',344,4,'面積の相等',41),(361,'基本239',345,2,'絶対値の積分',41),(362,'練習239',345,2,'絶対値の積分',41),(363,'重要240',346,4,'変数tを含む定積分の最大・最小',41),(364,'練習240',346,4,'変数tを含む定積分の最大・最小',41),(365,'重要241',346,3,'曲線xの積分',41),(366,'練習241',346,3,'曲線xの積分',41),(367,'演習242',349,3,'立体・回転体',42),(368,'練習242',349,3,'立体・回転体',42),(369,'基本1',354,1,'ベクトルの和・差・実数倍と図示',43),(370,'練習1',354,1,'ベクトルの和・差・実数倍と図示',43),(371,'基本2',355,2,'ベクトルの等式の証明',43),(372,'練習2',355,2,'ベクトルの等式の証明',43),(373,'基本3',356,2,'ベクトルの平行、単位ベクトル',43),(374,'練習3',356,2,'ベクトルの平行、単位ベクトル',43),(375,'基本4',357,2,'ベクトルの分解',43),(376,'練習4',357,2,'ベクトルの分解',43),(377,'基本5',361,1,'ベクトルの演算',44),(378,'練習5',361,1,'ベクトルの演算',44),(379,'基本6',362,2,'成分によるベクトルの分解',44),(380,'練習6',362,2,'成分によるベクトルの分解',44),(381,'基本7',363,2,'成分によるベクトルの平行と成分',44),(382,'練習7',363,2,'成分によるベクトルの平行と成分',44),(383,'基本8',364,2,'座標とベクトル成分[平行四辺形の頂点]',44),(384,'練習8',364,2,'座標とベクトル成分[平行四辺形の頂点]',44),(385,'基本9',365,3,'ベクトルの大きさの最小値',44),(386,'練習9',365,3,'ベクトルの大きさの最小値',44),(387,'基本10',369,1,'定義による内積の計算',45),(388,'練習10',369,1,'定義による内積の計算',45),(389,'基本11',370,2,'内積の計算',45),(390,'練習11',370,2,'内積の計算',45),(391,'基本12',371,2,'ベクトルのなす角',45),(392,'練習12',371,2,'ベクトルのなす角',45),(393,'基本13',372,2,'ベクトルの垂直と成分',45),(394,'練習13',372,2,'ベクトルの垂直と成分',45),(395,'基本14',373,3,'内積の演算、垂直条件となす角',45),(396,'練習14',373,3,'内積の演算、垂直条件となす角',45),(397,'基本15',374,3,'ベクトルの大きさと最小値(内積利用)',45),(398,'練習15',374,3,'ベクトルの大きさと最小値(内積利用)',45),(399,'重要16',375,3,'ベクトルの大きさの条件と絶対値',45),(400,'練習16',375,3,'ベクトルの大きさの条件と絶対値',45),(401,'基本17',376,2,'内積と三角形の面積',45),(402,'練習17',376,2,'内積と三角形の面積',45),(403,'重要18',377,3,'ベクトルの不等式の証明',45),(404,'練習18',377,3,'ベクトルの不等式の証明',45),(405,'重要19',378,4,'内積の値の範囲',45),(406,'練習19',378,4,'内積の値の範囲',45),(407,'重要20',379,4,'内積の利用',45),(408,'練習20',379,4,'内積の利用',45),(409,'基本21',383,1,'分点・重心の位置ベクトル',46),(410,'練習21',383,1,'分点・重心の位置ベクトル',46),(411,'基本22',384,3,'分点に関するベクトルの等式と三角形の面積比',46),(412,'練習22',384,3,'分点に関するベクトルの等式と三角形の面積比',46),(413,'基本23',385,2,'共線条件、点の一致',46),(414,'練習23',385,2,'共線条件、点の一致',46),(415,'基本24',386,2,'交点の位置ベクトル(1)[2通りに表し係数比較]',46),(416,'練習24',386,2,'交点の位置ベクトル(1)[2通りに表し係数比較]',46),(417,'基本25',388,3,'垂心の位置ベクトル',46),(418,'練習25',388,3,'垂心の位置ベクトル',46),(419,'基本26',389,3,'内心の位置ベクトル',46),(420,'練習26',389,3,'内心の位置ベクトル',46),(421,'重要27',390,4,'角の二等分線とベクトル',46),(422,'練習27',390,4,'角の二等分線とベクトル',46),(423,'重要28',391,3,'外心の位置ベクトル',46),(424,'練習28',391,3,'外心の位置ベクトル',46),(425,'基本29',392,2,'線分の平方に関する証明',46),(426,'練習29',392,2,'線分の平方に関する証明',46),(427,'基本30',393,3,'線分の垂直に関する証明',46),(428,'練習30',393,3,'線分の垂直に関する証明',46),(429,'基本31',394,3,'三角形ABCの外心Oに関するベクトルの問題',46),(430,'練習31',394,3,'三角形ABCの外心Oに関するベクトルの問題',46),(431,'重要32',395,3,'内積と三角形の形状',46),(432,'練習32',395,3,'内積と三角形の形状',46),(433,'基本33',399,2,'直線のベクトル方程式',47),(434,'練習33',399,2,'直線のベクトル方程式',47),(435,'基本34',400,2,'内積と直線のベクトル方程式、2直線のなす角',47),(436,'練習34',400,2,'内積と直線のベクトル方程式、2直線のなす角',47),(437,'基本35',401,2,'垂線の長さ',47),(438,'練習35',401,2,'垂線の長さ',47),(439,'基本36',402,3,'交点の位置ベクトル(2)[係数の和が1の利用]',47),(440,'練習36',402,3,'交点の位置ベクトル(2)[係数の和が1の利用]',47),(441,'基本37',403,3,'ベクトルの終点の存在範囲(1)[係数の和が1の利用]',47),(442,'練習37',403,3,'ベクトルの終点の存在範囲(1)[係数の和が1の利用]',47),(443,'基本38',404,3,'ベクトルの終点の存在範囲(2)[係数が独立に動く場合]',47),(444,'練習38',404,3,'ベクトルの終点の存在範囲(2)[係数が独立に動く場合]',47),(445,'基本39',406,3,'円のベクトル方程式',47),(446,'練習39',406,3,'円のベクトル方程式',47),(447,'基本40',407,2,'円の接線のベクトル方程式',47),(448,'練習40',407,2,'円の接線のベクトル方程式',47),(449,'重要41',408,4,'ベクトルと軌跡[円]',47),(450,'練習41',408,4,'ベクトルと軌跡[円]',47),(451,'基本42',413,1,'空間の点の座標',48),(452,'練習42',413,1,'空間の点の座標',48),(453,'基本43',414,1,'2点間の距離、三角形の形状',48),(454,'練習43',414,1,'2点間の距離、三角形の形状',48),(455,'基本44',415,2,'定点から等距離にある点',48),(456,'練習44',415,2,'定点から等距離にある点',48),(457,'基本45',417,1,'空間ベクトルの表示',49),(458,'練習45',417,1,'空間ベクトルの表示',49),(459,'基本46',419,2,'空間ベクトルの分解',49),(460,'練習46',419,2,'空間ベクトルの分解',49),(461,'基本47',420,2,'空間とベクトルの成分[平行四辺形の頂点]',49),(462,'練習47',420,2,'空間とベクトルの成分[平行四辺形の頂点]',49),(463,'基本48',421,3,'ベクトルの大きさの最小値、折線の長さの最小値',49),(464,'練習48',421,3,'ベクトルの大きさの最小値、折線の長さの最小値',49),(465,'基本49',424,2,'空間ベクトルの内積',50),(466,'練習49',424,2,'空間ベクトルの内積',50),(467,'基本50',425,2,'空間ベクトルのなす角、三角形の面積',50),(468,'練習50',425,2,'空間ベクトルのなす角、三角形の面積',50),(469,'基本51',426,2,'2つのベクトルに垂直な単位ベクトル',50),(470,'練習51',426,2,'2つのベクトルに垂直な単位ベクトル',50),(471,'基本52',427,3,'ベクトルの大きさに関する等式の証明、なす角が等しいベクトル',50),(472,'練習52',427,3,'ベクトルの大きさに関する等式の証明、なす角が等しいベクトル',50),(473,'重要53',428,3,'ベクトルと座標軸のなす角',50),(474,'練習53',428,3,'ベクトルと座標軸のなす角',50),(475,'重要54',429,4,'ベクトルの大きさの証明',50),(476,'練習54',429,4,'ベクトルの大きさの証明',50),(477,'基本55',433,1,'位置ベクトル、ベクトルと図形',51),(478,'練習55',433,1,'位置ベクトル、ベクトルと図形',51),(479,'基本56',434,2,'点の一致',51),(480,'練習56',434,2,'点の一致',51),(481,'基本57',435,3,'等式から点の位置の決定',51),(482,'練習57',435,3,'等式から点の位置の決定',51),(483,'重要58',436,3,'位置ベクトルと内積、なす角',51),(484,'練習58',436,3,'位置ベクトルと内積、なす角',51),(485,'基本59',437,2,'平行四辺形であるという条件が与えられた場合',51),(486,'練習59',437,2,'平行四辺形であるという条件が与えられた場合',51),(487,'基本60',438,2,'共線条件(2)[座標が与えられていない場合]',51),(488,'練習60',438,2,'共線条件(2)[座標が与えられていない場合]',51),(489,'基本61',439,3,'垂線の足の座標',51),(490,'練習61',439,3,'垂線の足の座標',51),(491,'基本69',452,1,'分点の座標',52),(492,'練習69',452,1,'分点の座標',52),(493,'基本70',453,1,'座標軸に垂直な平面の方程式',52),(494,'練習70',453,1,'座標軸に垂直な平面の方程式',52),(495,'基本71',454,2,'球面の方程式(1)[中心と半径がわかる場合]',52),(496,'練習71',454,2,'球面の方程式(1)[中心と半径がわかる場合]',52),(497,'基本72',455,2,'球面の方程式(2)[中心と半径がわからない場合]',52),(498,'練習72',455,2,'球面の方程式(2)[中心と半径がわからない場合]',52),(499,'基本73',456,2,'球面と平面が交わってできる円',52),(500,'練習73',456,2,'球面と平面が交わってできる円',52),(501,'重要74',457,3,'球面のベクトル方程式',52),(502,'練習74',457,3,'球面のベクトル方程式',52),(503,'演習75',460,3,'平面の方程式',53),(504,'練習75',460,3,'平面の方程式',53),(505,'演習76',461,4,'平面の方程式の利用',53),(506,'練習76',461,4,'平面の方程式の利用',53),(507,'演習77',463,3,'直線の方程式',53),(508,'練習77',463,3,'直線の方程式',53),(509,'演習78',464,4,'直線の方程式の利用',53),(510,'練習78',464,4,'直線の方程式の利用',53),(511,'演習79',465,4,'直線と平面の交点、直線と球面が接する条件',53),(512,'練習79',465,4,'直線と平面の交点、直線と球面が接する条件',53),(513,'演習80',466,3,'直線と平面のなす角、直線に垂直な平面',53),(514,'練習80',466,3,'直線と平面のなす角、直線に垂直な平面',53),(515,'演習81',467,4,'2平面の交線、それを含む平面の方程式',53),(516,'練習81',467,4,'2平面の交線、それを含む平面の方程式',53),(517,'基本82',472,1,'等差数列の一般項',54),(518,'練習82',472,1,'等差数列の一般項',54),(519,'基本83',473,2,'等差数列であることの証明',54),(520,'練習83',473,2,'等差数列であることの証明',54),(521,'基本84',474,2,'等差中項[等差数列をなる3数]',54),(522,'練習84',474,2,'等差中項[等差数列をなる3数]',54),(523,'基本85',475,2,'等差数列とその一般項',54),(524,'練習85',475,2,'等差数列とその一般項',54),(525,'基本86',476,2,'等差数列の和',54),(526,'練習86',476,2,'等差数列の和',54),(527,'基本87',477,2,'等差数列の利用(倍数の和)',54),(528,'練習87',477,2,'等差数列の利用(倍数の和)',54),(529,'基本88',478,2,'等差数列の和の最大',54),(530,'練習88',478,2,'等差数列の和の最大',54),(531,'重要89',479,4,'既約分数の和',54),(532,'練習89',479,4,'既約分数の和',54),(533,'重要90',480,3,'2つの等差数列の共通項',54),(534,'練習90',480,3,'2つの等差数列の共通項',54),(535,'重要91',481,4,'2つの等差数列に共通な項',54),(536,'練習91',481,4,'2つの等差数列に共通な項',54),(537,'基本92',484,1,'等比数列の一般項',55),(538,'練習92',484,1,'等比数列の一般項',55),(539,'基本93',485,2,'等比中項',55),(540,'練習93',485,2,'等比中項',55),(541,'基本94',486,2,'等比数列の和',55),(542,'練習94',486,2,'等比数列の和',55),(543,'基本95',487,3,'和から等比数列の決定',55),(544,'練習95',487,3,'和から等比数列の決定',55),(545,'基本96',488,3,'複利計算と等比数列',55),(546,'練習96',488,3,'複利計算と等比数列',55),(547,'基本97',489,2,'等比数列と等差数列',55),(548,'練習97',489,2,'等比数列と等差数列',55),(549,'重要98',490,4,'等比数列と等差数列の共通項',55),(550,'練習98',490,4,'等比数列と等差数列の共通項',55),(551,'重要99',491,4,'等差数列と対数',55),(552,'練習99',491,4,'等差数列と対数',55),(553,'基本100',495,2,'kの整式の計算',56),(554,'練習100',495,2,'kの整式の計算',56),(555,'基本101',496,2,'一般項を求めて和の公式利用',56),(556,'練習101',496,2,'一般項を求めて和の公式利用',56),(557,'基本102',497,3,'第k項にnを含む数列の和',56),(558,'練習102',497,3,'第k項にnを含む数列の和',56),(559,'基本103',498,2,'階差数列(第1階差)',56),(560,'基本104',499,3,'階差数列(第2階差)',56),(561,'練習104',499,3,'階差数列(第2階差)',56),(562,'基本105',500,2,'数列の和と一般項、部分数列',56),(563,'練習105',500,2,'数列の和と一般項、部分数列',56),(564,'基本106',501,2,'分数の数列の和[部分分数に分解]',56),(565,'練習106',501,2,'分数の数列の和[部分分数に分解]',56),(566,'基本107',502,3,'分数の数列の和の応用　',56),(567,'練習107',502,3,'分数の数列の和の応用',56),(568,'基本108',503,2,'(等差)×(等比)の数列の和',56),(569,'練習108',503,2,'(等差)×(等比)の数列の和',56),(570,'重要109',504,4,'格子点の個数',56),(571,'練習109',504,4,'格子点の個数',56),(572,'基本110',506,3,'群数列の基本',56),(573,'練習110',506,3,'群数列の基本',56),(574,'基本111',507,3,'群数列の応用',56),(575,'練習111',507,3,'群数列の応用',56),(576,'重要112',508,4,'自然数の表と群数列',56),(577,'練習112',508,4,'自然数の表と群数列',56),(578,'基本113',515,1,'等差数列、等比数列、階差数列と漸化式',57),(579,'練習113',515,1,'等差数列、等比数列、階差数列と漸化式',57),(580,'基本114',516,2,'漸化式(1)',57),(581,'練習114',516,2,'漸化式(1)',57),(582,'基本115',518,3,'漸化式(2)',57),(583,'練習115',518,3,'漸化式(2)',57),(584,'基本116',519,3,'漸化式(3)',57),(585,'練習116',519,3,'漸化式(3)',57),(586,'基本117',520,3,'漸化式(4)',57),(587,'練習117',520,3,'漸化式(4)',57),(588,'重要118',521,3,'漸化式(5)',57),(589,'練習118',521,3,'漸化式(5)',57),(590,'基本119',522,3,'漸化式(6)',57),(591,'練習119',522,3,'漸化式(6)',57),(592,'重要120',523,4,'漸化式(7)',57),(593,'練習120',523,4,'漸化式(7)',57),(594,'基本121',527,3,'隣接3項間の漸化式(1)',58),(595,'練習121',527,3,'隣接3項間の漸化式(1)',58),(596,'基本122',528,3,'隣接3項間の漸化式(2)',58),(597,'練習122',528,3,'隣接3項間の漸化式(2)',58),(598,'基本123',530,3,'連立漸化式(1)',58),(599,'練習123',530,3,'連立漸化式(1)',58),(600,'基本124',531,3,'連立漸化式(2)',58),(601,'練習124',531,3,'連立漸化式(2)',58),(602,'重要125',533,3,'分数型の漸化式(1)',58),(603,'練習125',533,3,'分数型の漸化式(1)',58),(604,'重要126',534,3,'分数型の漸化式(2)',58),(605,'練習126',534,3,'分数型の漸化式(2)',58),(606,'基本127',536,3,'和と漸化式',58),(607,'練習127',536,3,'和と漸化式',58),(608,'基本128',537,3,'領域と漸化式(1)',58),(609,'練習128',537,3,'領域と漸化式(1)',58),(610,'基本129',538,3,'領域と漸化式(2)',58),(611,'練習129',538,3,'領域と漸化式(2)',58),(612,'基本130',539,3,'確率と漸化式(1)',58),(613,'練習130',539,3,'確率と漸化式(1)',58),(614,'重要131',540,4,'確率と漸化式(2)',58),(615,'練習131',540,4,'確率と漸化式(2)',58),(616,'重要132',541,4,'確率と漸化式(3)',58),(617,'練習132',541,4,'確率と漸化式(3)',58),(618,'基本133',545,1,'等式の証明',59),(619,'練習133',545,1,'等式の証明',59),(620,'基本134',546,2,'整数の性質の証明',59),(621,'練習134',546,2,'整数の性質の証明',59),(622,'基本135',547,2,'不等式の証明',59),(623,'練習135',547,2,'不等式の証明',59),(624,'基本136',548,2,'漸化式と数学的帰納法',59),(625,'練習136',548,2,'漸化式と数学的帰納法',59),(626,'重要137',549,5,'フェルマの小定理に関する証明',59),(627,'練習137',549,5,'フェルマの小定理に関する証明',59),(628,'重要138',550,4,'n=k、k+1の仮定',59),(629,'練習138',550,4,'n=k、k+1の仮定',59),(630,'重要139',551,4,'n=<kの仮定',59),(631,'練習139',551,4,'n=<kの仮定',59),(632,'基本140',556,1,'確率分布',60),(633,'練習140',556,1,'確率分布',60),(634,'基本141',557,1,'確率変数の期待値',60),(635,'練習141',557,1,'確率変数の期待値',60),(636,'基本142',558,2,'機体金額と有利不利',60),(637,'練習142',558,2,'機体金額と有利不利',60),(638,'重要143',559,5,'有利不利の決定',60),(639,'練習143',559,5,'有利不利の決定',60),(640,'重要144',560,3,'図形と期待値',60),(641,'練習144',560,3,'図形と期待値',60),(642,'基本145',561,1,'確率変数の期待値・分散(1)',60),(643,'練習145',561,1,'確率変数の期待値・分散(1)',60),(644,'基本146',562,2,'確率変数の期待値・分散(2)',60),(645,'練習146',562,2,'確率変数の期待値・分散(2)',60),(646,'重要147',563,4,'確率変数の和と期待値、分散',60),(647,'練習147',563,4,'確率変数の和と期待値、分散',60),(648,'重要148',564,4,'二項定理と期待値',60),(649,'練習148',564,4,'二項定理と期待値',60),(650,'基本149',568,1,'確率変数の変換(1)[aX+bの期待値、分散]',61),(651,'練習149',568,1,'確率変数の変換(1)[aX+bの期待値、分散]',61),(652,'基本150',569,3,'確率変数の変換(2)[標準化など]',61),(653,'練習150',569,3,'確率変数の変換(2)[標準化など]',61),(654,'基本151',570,1,'同時分布',61),(655,'練習151',570,1,'同時分布',61),(656,'基本152',572,2,'独立・従属の判定',61),(657,'練習152',572,2,'独立・従属の判定',61),(658,'基本153',573,1,'確率変数aX+bYの期待値、分散',61),(659,'練習153',573,1,'確率変数aX+bYの期待値、分散',61),(660,'基本154',574,3,'3つ以上の確率変数と期待値、分散',61),(661,'練習154',574,3,'3つ以上の確率変数と期待値、分散',61),(662,'基本155',576,1,'二項分布の平均、分散',61),(663,'練習155',576,1,'二項分布の平均、分散',61),(664,'基本156',579,2,'確率密度関数と確率',62),(665,'練習156',579,2,'確率密度関数と確率',62),(666,'基本157',580,3,'確率密度関数と期待値、標準偏差',62),(667,'練習157',580,3,'確率密度関数と期待値、標準偏差',62),(668,'基本158',583,1,'確率の計算',62),(669,'練習158',583,1,'確率の計算',62),(670,'基本159',584,2,'正規分布の利用',62),(671,'練習159',584,2,'正規分布の利用',62),(672,'基本160',585,2,'二項分布の正規分布による近似',62),(673,'練習160',585,2,'二項分布の正規分布による近似',62),(674,'基本161',592,1,'母平均、母標準偏差',63),(675,'練習161',592,1,'母平均、母標準偏差',63),(676,'基本162',593,3,'標本平均の期待値、標準偏差',63),(677,'練習162',593,3,'標本平均の期待値、標準偏差',63),(678,'基本163',594,2,'標本平均の分布',63),(679,'練習163',594,2,'標本平均の分布',63),(680,'基本164',595,1,'大数の法則',63),(681,'練習164',595,1,'大数の法則',63),(682,'基本165',597,1,'母平均の推定(1)',63),(683,'練習165',597,1,'母平均の推定(1)',63),(684,'基本166',598,2,'母平均の推定(2)',63),(685,'練習166',598,2,'母平均の推定(2)',63),(686,'基本167',600,3,'母比率の推定',63),(687,'練習167',600,3,'母比率の推定',63),(688,'基本62',440,2,'交点の位置ベクトル',51),(689,'練習62',440,2,'交点の位置ベクトル',51),(690,'基本63',441,2,'共面条件(1)[同じ平面上にあるように係数決定]',51),(691,'練習63',441,2,'共面条件(1)[同じ平面上にあるように係数決定]',51),(692,'基本64',442,3,'共面条件(2)[同じ平面上にあることを証明]',51),(693,'練習64',442,3,'共面条件(2)[同じ平面上にあることを証明]',51),(694,'基本65',443,2,'共面条件(3)[平面と直線の交点の位置ベクトル]',51),(695,'練習65',443,2,'共面条件(3)[平面と直線の交点の位置ベクトル]',51),(696,'基本66',444,3,'垂線、線分の長さの平方に関する証明問題',51),(697,'練習66',444,3,'垂線、線分の長さの平方に関する証明問題',51),(698,'基本67',446,3,'四面体の体積と底面の面積',51),(699,'練習67',446,3,'四面体の体積と底面の面積',51),(700,'重要68',447,3,'平面に下ろした垂線の長さ',51),(701,'練習68',447,3,'平面に下ろした垂線の長さ',51),(702,'基本184',274,1,'平均変化率と微分係数',34),(703,'練習184',274,1,'平均変化率と微分係数',34),(704,'重要185',275,3,'関数の極限値',34),(705,'練習185',275,3,'関数の極限値',34),(706,'重要186',276,3,'関数の極限値(係数決定・微分係数利用）',34),(707,'練習186',276,3,'関数の極限値(係数決定・微分係数利用）',34),(708,'基本187',277,2,'導関数の決定(1)[定義の利用]',34),(709,'練習187',277,2,'導関数の決定(1)[定義の利用]',34),(710,'基本188',278,2,'導関数の決定(2)[展開してから微分]',34),(711,'練習188',278,2,'導関数の決定(2)[展開してから微分]',34),(712,'基本189',280,2,'導関数と微分係数、導関数の条件から関数の決定',34),(713,'練習189',280,2,'導関数と微分係数、導関数の条件から関数の決定',34),(714,'重要190',281,3,'(x-a)^nで割った時の余り(微分利用)',34),(715,'練習190',281,3,'(x-a)^nで割った時の余り(微分利用)',34),(716,'基本191',282,2,'変化率',34),(717,'練習191',282,2,'変化率',34),(718,'基本192',285,2,'接線の方程式(1)[接点または傾きが与えられた場合など]',35),(719,'練習192',285,2,'接線の方程式(1)[接点または傾きが与えられた場合など]',35),(720,'基本193',286,2,'接線の方程式(2)[曲線上にない点を通る接線]',35),(721,'練習193',286,2,'接線の方程式(2)[曲線上にない点を通る接線]',35),(722,'基本194',287,3,'法線の方程式',35),(723,'練習194',287,3,'法線の方程式',35),(724,'基本195',288,2,'共通接線(1)[2曲線が交わらない場合]',35),(725,'練習195',288,2,'共通接線(1)[2曲線が交わらない場合]',35),(726,'重要196',289,3,'共通接線(2)[2曲線が接する場合]',35),(727,'練習196',289,3,'共通接線(2)[2曲線が接する場合]',35),(728,'基本197',292,2,'3次関数の増減、極値',36),(729,'練習197',292,2,'3次関数の増減、極値',36),(730,'基本198',293,2,'3次関数のグラフ',36),(731,'練習198',293,2,'3次関数のグラフ',36),(732,'基本199',294,2,'4次関数の極値、グラフ',36),(733,'練習199',294,2,'4次関数の極値、グラフ',36),(734,'基本200',295,2,'絶対値記号を含む関数のグラフ',36),(735,'練習200',295,2,'絶対値記号を含む関数のグラフ',36),(736,'重要201',296,3,'3次関数のグラフの対称性に関する証明',36),(737,'練習201',296,3,'3次関数のグラフの対称性に関する証明',36),(738,'基本202',297,3,'3次関数の極値の条件から関数決定',36),(739,'練習202',297,3,'3次関数の極値の条件から関数決定',36),(740,'基本203',298,3,'3次関数が極値を持つ条件、持たない条件',36),(741,'練習203',298,3,'3次関数が極値を持つ条件、持たない条件',36),(742,'重要204',299,4,'4次関数が極大値持たない条件',36),(743,'練習204',299,4,'4次関数が極大値持たない条件',36),(744,'基本205',300,3,'3次関数の極大値と極小値の和',36),(745,'練習205',300,3,'3次関数の極大値と極小値の和',36),(746,'基本206',304,2,'区間における関数の最大・最小',37),(747,'練習206',304,2,'区間における関数の最大・最小',37),(748,'基本207',305,2,'最大・最小の文章題（微分利用)',37),(749,'練習207',305,2,'最大・最小の文章題（微分利用)',37),(750,'基本208',306,3,'係数に文字を含む3次関数の最大・最小',37),(751,'練習208',306,3,'係数に文字を含む3次関数の最大・最小',37),(752,'重要209',307,5,'区間に文字を含む3次関数の最大・最小',37),(753,'練習209',307,5,'区間に文字を含む3次関数の最大・最小',37),(754,'基本210',308,3,'三角関数の最大・最小（微分利用）',37),(755,'練習210',308,3,'三角関数の最大・最小（微分利用）',37),(756,'基本211',309,3,'最大値・最小値から3次関数の決定',37),(757,'練習211',309,3,'最大値・最小値から3次関数の決定',37),(758,'基本212',310,2,'最大値・最小値から3次関数の実数解の個数(1)[f(x)=(文字)の形に変形して処理など]',37),(759,'練習212',310,2,'最大値・最小値から3次関数の実数解の個数(1)[f(x)=(文字)の形に変形して処理など]',37),(760,'基本213',311,3,'3次関数の実数解の個数(2)[方程式のxの係数が文字の場合]',37),(761,'練習213',311,3,'3次関数の実数解の個数(2)[方程式のxの係数が文字の場合]',37),(762,'基本214',312,2,'不等式の証明（微分利用）',37),(763,'練習214',312,2,'不等式の証明（微分利用）',37),(764,'演習215',313,4,'x、y、zの条件式と最大・最小（微分利用）',38),(765,'練習215',313,4,'x、y、zの条件式と最大・最小（微分利用）',38),(766,'演習216',314,4,'4次関数のグラフと2点で接する直線',38),(767,'練習216',314,4,'4次関数のグラフと2点で接する直線',38),(768,'演習217',315,4,'3本の接線が引けるための条件(1)',38),(769,'練習217',315,4,'3本の接線が引けるための条件(1)',38),(770,'演習218',316,4,'3本の接線が引けるための条件(2)[領域が関係]',38),(771,'練習218',316,4,'3本の接線が引けるための条件(2)[領域が関係]',38),(772,'演習219',317,4,'不等式が常に成り立つ条件(微分利用)',38),(773,'練習219',317,4,'不等式が常に成り立つ条件(微分利用)',38);
/*!40000 ALTER TABLE `Problems` ENABLE KEYS */;
UNLOCK TABLES;

--
-- Table structure for table `Solves2`
--

DROP TABLE IF EXISTS `Solves2`;
/*!40101 SET @saved_cs_client     = @@character_set_client */;
/*!40101 SET character_set_client = utf8 */;
CREATE TABLE `Solves2` (
  `id` int(11) NOT NULL AUTO_INCREMENT,
  `content` longtext,
  `date` datetime NOT NULL,
  `day` varchar(255) NOT NULL,
  `rate` double DEFAULT NULL,
  `solve_minute` int(11) DEFAULT NULL,
  `solve_second` int(11) DEFAULT NULL,
  `target_minute` int(11) DEFAULT NULL,
  `target_second` int(11) DEFAULT NULL,
  `person` int(11) DEFAULT NULL,
  `problem` int(11) DEFAULT NULL,
  PRIMARY KEY (`id`),
  KEY `FK50bdpwskjthdwaiiqei3hht7l` (`person`),
  KEY `FKj426ht7n6i8djq2ouyfjg9cwv` (`problem`)
) ENGINE=MyISAM AUTO_INCREMENT=4 DEFAULT CHARSET=utf8;
/*!40101 SET character_set_client = @saved_cs_client */;

--
-- Dumping data for table `Solves2`
--

LOCK TABLES `Solves2` WRITE;
/*!40000 ALTER TABLE `Solves2` DISABLE KEYS */;
INSERT INTO `Solves2` VALUES (2,'','2020-08-25 00:00:00','2020-08-25',0.5,2,50,3,0,3,111),(3,'','2020-06-17 00:00:00','2020-06-17',0.5,4,0,5,50,3,111);
/*!40000 ALTER TABLE `Solves2` ENABLE KEYS */;
UNLOCK TABLES;

--
-- Table structure for table `areas`
--

DROP TABLE IF EXISTS `areas`;
/*!40101 SET @saved_cs_client     = @@character_set_client */;
/*!40101 SET character_set_client = utf8 */;
CREATE TABLE `areas` (
  `id` int(11) NOT NULL,
  `name` varchar(255) DEFAULT NULL,
  PRIMARY KEY (`id`)
) ENGINE=MyISAM DEFAULT CHARSET=utf8;
/*!40101 SET character_set_client = @saved_cs_client */;

--
-- Dumping data for table `areas`
--

LOCK TABLES `areas` WRITE;
/*!40000 ALTER TABLE `areas` DISABLE KEYS */;
INSERT INTO `areas` VALUES (1,'3次式の展開と因数分解、二項定理'),(2,'整式の割り算'),(3,'分数式とその計算'),(4,'恒等式'),(5,'等式の証明'),(6,'不等式の証明'),(7,'複素数'),(8,'2次方程式の解と判別式'),(9,'解と係数の関係、解の存在範囲'),(10,'剰余の定理と因数定理'),(11,'高次方程式'),(12,'直線上の点、平面上の点'),(13,'直線の方程式、2直線の関係'),(14,'線対称、点と直線の距離'),(15,'円の方程式'),(16,'円と直線'),(17,'2つの円'),(18,'軌跡と方程式'),(19,'不等式の表す領域'),(20,'一般角と弧度法'),(21,'三角関数'),(22,'三角関数の性質、グラフ'),(23,'三角関数の応用'),(24,'加法定理'),(25,'加法定理の応用'),(26,'三角関数の和と積の公式'),(27,'三角関数の合成'),(28,'指数の拡張'),(29,'指数関数'),(30,'指数とその性質'),(31,'対数関数'),(32,'常用対数'),(33,'関連発展問題'),(34,'微分法と導関数'),(35,'接線'),(36,'関数の増減と極大・極小'),(37,'最大値・最小値、方程式・不等式'),(38,'関連発展問題'),(39,'不定積分'),(40,'定積分'),(41,'面積'),(42,'体積'),(43,'ベクトルの演算'),(44,'ベクトルの成分'),(45,'ベクトルの内積'),(46,'位置ベクトル、ベクトルと図形'),(47,'ベクトル方程式'),(48,'空間の座標'),(49,'空間のベクトル、ベクトルの成分'),(50,'空間ベクトルの内積'),(51,'位置ベクトル、ベクトルと図形'),(52,'座標空間の図形'),(53,'平面の方程式、直線の方程式'),(54,'等差数列'),(55,'等比数列'),(56,'種々の数列'),(57,'漸化式と数列'),(58,'種々の漸化式'),(59,'数学的帰納法'),(60,'確率変数と確率分布、期待値、分散'),(61,'確率変数の変換、確率変数の和と積'),(62,'正規分布'),(63,'統計的な推測');
/*!40000 ALTER TABLE `areas` ENABLE KEYS */;
UNLOCK TABLES;
/*!40103 SET TIME_ZONE=@OLD_TIME_ZONE */;

/*!40101 SET SQL_MODE=@OLD_SQL_MODE */;
/*!40014 SET FOREIGN_KEY_CHECKS=@OLD_FOREIGN_KEY_CHECKS */;
/*!40014 SET UNIQUE_CHECKS=@OLD_UNIQUE_CHECKS */;
/*!40101 SET CHARACTER_SET_CLIENT=@OLD_CHARACTER_SET_CLIENT */;
/*!40101 SET CHARACTER_SET_RESULTS=@OLD_CHARACTER_SET_RESULTS */;
/*!40101 SET COLLATION_CONNECTION=@OLD_COLLATION_CONNECTION */;
/*!40111 SET SQL_NOTES=@OLD_SQL_NOTES */;

-- Dump completed on 2020-08-27 12:51:04
